{"v":"5.5.7","meta":{"g":"LottieFiles AE 0.1.21","a":"","k":"","d":"","tc":""},"fr":29.9700012207031,"ip":0,"op":150.000006109625,"w":360,"h":360,"nm":"Magnify","ddd":0,"assets":[],"layers":[{"ddd":0,"ind":1,"ty":4,"nm":"magnify glass Outlines","sr":1,"ks":{"o":{"a":0,"k":100,"ix":11},"r":{"a":0,"k":0,"ix":10},"p":{"a":1,"k":[{"i":{"x":0.833,"y":0.833},"o":{"x":0.167,"y":0.167},"t":0,"s":[179.999,147.59,0],"to":[14.5,24.167,0],"ti":[-10.833,6.167,0]},{"i":{"x":0.833,"y":0.833},"o":{"x":0.167,"y":0.167},"t":35,"s":[266.999,292.59,0],"to":[10.833,-6.167,0],"ti":[27.5,6,0]},{"i":{"x":0.833,"y":0.833},"o":{"x":0.167,"y":0.167},"t":74,"s":[244.999,110.59,0],"to":[-27.5,-6,0],"ti":[10.833,-6.167,0]},{"i":{"x":0.833,"y":0.833},"o":{"x":0.167,"y":0.167},"t":111,"s":[101.999,256.59,0],"to":[-10.833,6.167,0],"ti":[-13,18.167,0]},{"t":148.000006028164,"s":[179.999,147.59,0]}],"ix":2},"a":{"a":0,"k":[60.041,60.041,0],"ix":1},"s":{"a":0,"k":[100,100,100],"ix":6}},"ao":0,"shapes":[{"ty":"gr","it":[{"ind":0,"ty":"sh","ix":1,"ks":{"a":0,"k":{"i":[[-19.717,0],[0,19.717],[19.717,0],[0,-19.716]],"o":[[19.717,0],[0,-19.716],[-19.717,0],[0,19.717]],"v":[[-12.189,23.51],[23.51,-12.191],[-12.189,-47.89],[-47.89,-12.191]],"c":true},"ix":2},"nm":"Path 1","mn":"ADBE Vector Shape - Group","hd":false},{"ind":1,"ty":"sh","ix":2,"ks":{"a":0,"k":{"i":[[6.265,-8.059],[0,0],[2.323,-2.323],[2.324,2.324],[0,0],[11,0],[0,26.289],[-26.289,0],[0,-26.288]],"o":[[0,0],[2.323,2.323],[-2.324,2.324],[0,0],[-8.06,6.266],[-26.289,0],[0,-26.288],[26.288,0],[0,11]],"v":[[25.413,16.998],[57.467,49.053],[57.467,57.467],[49.052,57.467],[16.998,25.413],[-12.189,35.41],[-59.79,-12.191],[-12.189,-59.791],[35.41,-12.191]],"c":true},"ix":2},"nm":"Path 2","mn":"ADBE Vector Shape - Group","hd":false},{"ty":"mm","mm":1,"nm":"Merge Paths 1","mn":"ADBE Vector Filter - Merge","hd":false},{"ty":"fl","c":{"a":0,"k":[0.286255780388,0.286255780388,0.286255780388,1],"ix":4},"o":{"a":0,"k":100,"ix":5},"r":1,"bm":0,"nm":"Fill 1","mn":"ADBE Vector Graphic - Fill","hd":false},{"ty":"tr","p":{"a":0,"k":[60.04,60.041],"ix":2},"a":{"a":0,"k":[0,0],"ix":1},"s":{"a":0,"k":[100,100],"ix":3},"r":{"a":0,"k":0,"ix":6},"o":{"a":0,"k":100,"ix":7},"sk":{"a":0,"k":0,"ix":4},"sa":{"a":0,"k":0,"ix":5},"nm":"Transform"}],"nm":"Group 1","np":4,"cix":2,"bm":0,"ix":1,"mn":"ADBE Vector Group","hd":false}],"ip":0,"op":150.000006109625,"st":0,"bm":0},{"ddd":0,"ind":2,"ty":4,"nm":"mask Outlines","td":1,"sr":1,"ks":{"o":{"a":0,"k":100,"ix":11},"r":{"a":0,"k":0,"ix":10},"p":{"a":1,"k":[{"i":{"x":0.833,"y":0.833},"o":{"x":0.167,"y":0.167},"t":0,"s":[167.81,135.399,0],"to":[14.5,24.167,0],"ti":[-10.833,6.167,0]},{"i":{"x":0.833,"y":0.833},"o":{"x":0.167,"y":0.167},"t":35,"s":[254.81,280.399,0],"to":[10.833,-6.167,0],"ti":[27.5,6,0]},{"i":{"x":0.833,"y":0.833},"o":{"x":0.167,"y":0.167},"t":74,"s":[232.81,98.399,0],"to":[-27.5,-6,0],"ti":[10.833,-6.167,0]},{"i":{"x":0.833,"y":0.833},"o":{"x":0.167,"y":0.167},"t":111,"s":[89.81,244.399,0],"to":[-10.833,6.167,0],"ti":[-13,18.167,0]},{"t":148.000006028164,"s":[167.81,135.399,0]}],"ix":2},"a":{"a":0,"k":[35.95,35.95,0],"ix":1},"s":{"a":0,"k":[100,100,100],"ix":6}},"ao":0,"shapes":[{"ty":"gr","it":[{"ind":0,"ty":"sh","ix":1,"ks":{"a":0,"k":{"i":[[-19.717,0],[0,19.717],[19.717,0],[0,-19.716]],"o":[[19.717,0],[0,-19.716],[-19.717,0],[0,19.717]],"v":[[0,35.7],[35.7,0],[0,-35.7],[-35.7,0]],"c":true},"ix":2},"nm":"Path 1","mn":"ADBE Vector Shape - Group","hd":false},{"ty":"fl","c":{"a":0,"k":[1,1,1,1],"ix":4},"o":{"a":0,"k":100,"ix":5},"r":1,"bm":0,"nm":"Fill 1","mn":"ADBE Vector Graphic - Fill","hd":false},{"ty":"tr","p":{"a":0,"k":[35.95,35.95],"ix":2},"a":{"a":0,"k":[0,0],"ix":1},"s":{"a":0,"k":[100,100],"ix":3},"r":{"a":0,"k":0,"ix":6},"o":{"a":0,"k":100,"ix":7},"sk":{"a":0,"k":0,"ix":4},"sa":{"a":0,"k":0,"ix":5},"nm":"Transform"}],"nm":"Group 1","np":2,"cix":2,"bm":0,"ix":1,"mn":"ADBE Vector Group","hd":false}],"ip":0,"op":150.000006109625,"st":0,"bm":0},{"ddd":0,"ind":3,"ty":4,"nm":"grid Outlines","tt":1,"sr":1,"ks":{"o":{"a":0,"k":100,"ix":11},"r":{"a":0,"k":0,"ix":10},"p":{"a":0,"k":[180,184.089,0],"ix":2},"a":{"a":0,"k":[105.75,105.75,0],"ix":1},"s":{"a":0,"k":[100,100,100],"ix":6}},"ao":0,"shapes":[{"ty":"gr","it":[{"ind":0,"ty":"sh","ix":1,"ks":{"a":0,"k":{"i":[[-4.418,0],[0,0],[0,-4.418],[0,0],[4.418,0],[0,0],[0,4.419],[0,0]],"o":[[0,0],[4.418,0],[0,0],[0,4.419],[0,0],[-4.418,0],[0,0],[0,-4.418]],"v":[[-24.5,-32.5],[24.5,-32.5],[32.5,-24.5],[32.5,24.5],[24.5,32.5],[-24.5,32.5],[-32.5,24.5],[-32.5,-24.5]],"c":true},"ix":2},"nm":"Path 1","mn":"ADBE Vector Shape - Group","hd":false},{"ty":"fl","c":{"a":0,"k":[0.940282126034,0.940282126034,0.940282126034,1],"ix":4},"o":{"a":0,"k":100,"ix":5},"r":1,"bm":0,"nm":"Fill 1","mn":"ADBE Vector Graphic - Fill","hd":false},{"ty":"tr","p":{"a":0,"k":[32.75,178.75],"ix":2},"a":{"a":0,"k":[0,0],"ix":1},"s":{"a":0,"k":[100,100],"ix":3},"r":{"a":0,"k":0,"ix":6},"o":{"a":0,"k":100,"ix":7},"sk":{"a":0,"k":0,"ix":4},"sa":{"a":0,"k":0,"ix":5},"nm":"Transform"}],"nm":"Group 1","np":2,"cix":2,"bm":0,"ix":1,"mn":"ADBE Vector Group","hd":false},{"ty":"gr","it":[{"ind":0,"ty":"sh","ix":1,"ks":{"a":0,"k":{"i":[[-4.419,0],[0,0],[0,-4.418],[0,0],[4.418,0],[0,0],[0,4.419],[0,0]],"o":[[0,0],[4.418,0],[0,0],[0,4.419],[0,0],[-4.419,0],[0,0],[0,-4.418]],"v":[[-24.5,-32.5],[24.5,-32.5],[32.5,-24.5],[32.5,24.5],[24.5,32.5],[-24.5,32.5],[-32.5,24.5],[-32.5,-24.5]],"c":true},"ix":2},"nm":"Path 1","mn":"ADBE Vector Shape - Group","hd":false},{"ty":"fl","c":{"a":0,"k":[0.884359621534,0.884359621534,0.884359621534,1],"ix":4},"o":{"a":0,"k":100,"ix":5},"r":1,"bm":0,"nm":"Fill 1","mn":"ADBE Vector Graphic - Fill","hd":false},{"ty":"tr","p":{"a":0,"k":[105.75,178.75],"ix":2},"a":{"a":0,"k":[0,0],"ix":1},"s":{"a":0,"k":[100,100],"ix":3},"r":{"a":0,"k":0,"ix":6},"o":{"a":0,"k":100,"ix":7},"sk":{"a":0,"k":0,"ix":4},"sa":{"a":0,"k":0,"ix":5},"nm":"Transform"}],"nm":"Group 2","np":2,"cix":2,"bm":0,"ix":2,"mn":"ADBE Vector Group","hd":false},{"ty":"gr","it":[{"ind":0,"ty":"sh","ix":1,"ks":{"a":0,"k":{"i":[[-4.419,0],[0,0],[0,-4.418],[0,0],[4.418,0],[0,0],[0,4.419],[0,0]],"o":[[0,0],[4.418,0],[0,0],[0,4.419],[0,0],[-4.419,0],[0,0],[0,-4.418]],"v":[[-24.5,-32.5],[24.5,-32.5],[32.5,-24.5],[32.5,24.5],[24.5,32.5],[-24.5,32.5],[-32.5,24.5],[-32.5,-24.5]],"c":true},"ix":2},"nm":"Path 1","mn":"ADBE Vector Shape - Group","hd":false},{"ty":"fl","c":{"a":0,"k":[0.940282126034,0.940282126034,0.940282126034,1],"ix":4},"o":{"a":0,"k":100,"ix":5},"r":1,"bm":0,"nm":"Fill 1","mn":"ADBE Vector Graphic - Fill","hd":false},{"ty":"tr","p":{"a":0,"k":[178.75,178.75],"ix":2},"a":{"a":0,"k":[0,0],"ix":1},"s":{"a":0,"k":[100,100],"ix":3},"r":{"a":0,"k":0,"ix":6},"o":{"a":0,"k":100,"ix":7},"sk":{"a":0,"k":0,"ix":4},"sa":{"a":0,"k":0,"ix":5},"nm":"Transform"}],"nm":"Group 3","np":2,"cix":2,"bm":0,"ix":3,"mn":"ADBE Vector Group","hd":false},{"ty":"gr","it":[{"ind":0,"ty":"sh","ix":1,"ks":{"a":0,"k":{"i":[[-4.418,0],[0,0],[0,-4.418],[0,0],[4.418,0],[0,0],[0,4.419],[0,0]],"o":[[0,0],[4.418,0],[0,0],[0,4.419],[0,0],[-4.418,0],[0,0],[0,-4.418]],"v":[[-24.5,-32.5],[24.5,-32.5],[32.5,-24.5],[32.5,24.5],[24.5,32.5],[-24.5,32.5],[-32.5,24.5],[-32.5,-24.5]],"c":true},"ix":2},"nm":"Path 1","mn":"ADBE Vector Shape - Group","hd":false},{"ty":"fl","c":{"a":0,"k":[0.884359621534,0.884359621534,0.884359621534,1],"ix":4},"o":{"a":0,"k":100,"ix":5},"r":1,"bm":0,"nm":"Fill 1","mn":"ADBE Vector Graphic - Fill","hd":false},{"ty":"tr","p":{"a":0,"k":[32.75,32.75],"ix":2},"a":{"a":0,"k":[0,0],"ix":1},"s":{"a":0,"k":[100,100],"ix":3},"r":{"a":0,"k":0,"ix":6},"o":{"a":0,"k":100,"ix":7},"sk":{"a":0,"k":0,"ix":4},"sa":{"a":0,"k":0,"ix":5},"nm":"Transform"}],"nm":"Group 4","np":2,"cix":2,"bm":0,"ix":4,"mn":"ADBE Vector Group","hd":false},{"ty":"gr","it":[{"ind":0,"ty":"sh","ix":1,"ks":{"a":0,"k":{"i":[[-4.419,0],[0,0],[0,-4.418],[0,0],[4.418,0],[0,0],[0,4.419],[0,0]],"o":[[0,0],[4.418,0],[0,0],[0,4.419],[0,0],[-4.419,0],[0,0],[0,-4.418]],"v":[[-24.5,-32.5],[24.5,-32.5],[32.5,-24.5],[32.5,24.5],[24.5,32.5],[-24.5,32.5],[-32.5,24.5],[-32.5,-24.5]],"c":true},"ix":2},"nm":"Path 1","mn":"ADBE Vector Shape - Group","hd":false},{"ty":"fl","c":{"a":0,"k":[0.940282126034,0.940282126034,0.940282126034,1],"ix":4},"o":{"a":0,"k":100,"ix":5},"r":1,"bm":0,"nm":"Fill 1","mn":"ADBE Vector Graphic - Fill","hd":false},{"ty":"tr","p":{"a":0,"k":[105.75,32.75],"ix":2},"a":{"a":0,"k":[0,0],"ix":1},"s":{"a":0,"k":[100,100],"ix":3},"r":{"a":0,"k":0,"ix":6},"o":{"a":0,"k":100,"ix":7},"sk":{"a":0,"k":0,"ix":4},"sa":{"a":0,"k":0,"ix":5},"nm":"Transform"}],"nm":"Group 5","np":2,"cix":2,"bm":0,"ix":5,"mn":"ADBE Vector Group","hd":false},{"ty":"gr","it":[{"ind":0,"ty":"sh","ix":1,"ks":{"a":0,"k":{"i":[[-4.419,0],[0,0],[0,-4.418],[0,0],[4.418,0],[0,0],[0,4.419],[0,0]],"o":[[0,0],[4.418,0],[0,0],[0,4.419],[0,0],[-4.419,0],[0,0],[0,-4.418]],"v":[[-24.5,-32.5],[24.5,-32.5],[32.5,-24.5],[32.5,24.5],[24.5,32.5],[-24.5,32.5],[-32.5,24.5],[-32.5,-24.5]],"c":true},"ix":2},"nm":"Path 1","mn":"ADBE Vector Shape - Group","hd":false},{"ty":"fl","c":{"a":0,"k":[0.884359621534,0.884359621534,0.884359621534,1],"ix":4},"o":{"a":0,"k":100,"ix":5},"r":1,"bm":0,"nm":"Fill 1","mn":"ADBE Vector Graphic - Fill","hd":false},{"ty":"tr","p":{"a":0,"k":[178.75,32.75],"ix":2},"a":{"a":0,"k":[0,0],"ix":1},"s":{"a":0,"k":[100,100],"ix":3},"r":{"a":0,"k":0,"ix":6},"o":{"a":0,"k":100,"ix":7},"sk":{"a":0,"k":0,"ix":4},"sa":{"a":0,"k":0,"ix":5},"nm":"Transform"}],"nm":"Group 6","np":2,"cix":2,"bm":0,"ix":6,"mn":"ADBE Vector Group","hd":false},{"ty":"gr","it":[{"ind":0,"ty":"sh","ix":1,"ks":{"a":0,"k":{"i":[[-4.418,0],[0,0],[0,-4.418],[0,0],[4.418,0],[0,0],[0,4.419],[0,0]],"o":[[0,0],[4.418,0],[0,0],[0,4.419],[0,0],[-4.418,0],[0,0],[0,-4.418]],"v":[[-24.5,-32.5],[24.5,-32.5],[32.5,-24.5],[32.5,24.5],[24.5,32.5],[-24.5,32.5],[-32.5,24.5],[-32.5,-24.5]],"c":true},"ix":2},"nm":"Path 1","mn":"ADBE Vector Shape - Group","hd":false},{"ty":"fl","c":{"a":0,"k":[0.940282126034,0.940282126034,0.940282126034,1],"ix":4},"o":{"a":0,"k":100,"ix":5},"r":1,"bm":0,"nm":"Fill 1","mn":"ADBE Vector Graphic - Fill","hd":false},{"ty":"tr","p":{"a":0,"k":[32.75,105.75],"ix":2},"a":{"a":0,"k":[0,0],"ix":1},"s":{"a":0,"k":[100,100],"ix":3},"r":{"a":0,"k":0,"ix":6},"o":{"a":0,"k":100,"ix":7},"sk":{"a":0,"k":0,"ix":4},"sa":{"a":0,"k":0,"ix":5},"nm":"Transform"}],"nm":"Group 7","np":2,"cix":2,"bm":0,"ix":7,"mn":"ADBE Vector Group","hd":false},{"ty":"gr","it":[{"ind":0,"ty":"sh","ix":1,"ks":{"a":0,"k":{"i":[[-4.419,0],[0,0],[0,-4.418],[0,0],[4.418,0],[0,0],[0,4.419],[0,0]],"o":[[0,0],[4.418,0],[0,0],[0,4.419],[0,0],[-4.419,0],[0,0],[0,-4.418]],"v":[[-24.5,-32.5],[24.5,-32.5],[32.5,-24.5],[32.5,24.5],[24.5,32.5],[-24.5,32.5],[-32.5,24.5],[-32.5,-24.5]],"c":true},"ix":2},"nm":"Path 1","mn":"ADBE Vector Shape - Group","hd":false},{"ty":"fl","c":{"a":0,"k":[0.884359621534,0.884359621534,0.884359621534,1],"ix":4},"o":{"a":0,"k":100,"ix":5},"r":1,"bm":0,"nm":"Fill 1","mn":"ADBE Vector Graphic - Fill","hd":false},{"ty":"tr","p":{"a":0,"k":[105.75,105.75],"ix":2},"a":{"a":0,"k":[0,0],"ix":1},"s":{"a":0,"k":[100,100],"ix":3},"r":{"a":0,"k":0,"ix":6},"o":{"a":0,"k":100,"ix":7},"sk":{"a":0,"k":0,"ix":4},"sa":{"a":0,"k":0,"ix":5},"nm":"Transform"}],"nm":"Group 8","np":2,"cix":2,"bm":0,"ix":8,"mn":"ADBE Vector Group","hd":false},{"ty":"gr","it":[{"ind":0,"ty":"sh","ix":1,"ks":{"a":0,"k":{"i":[[-4.419,0],[0,0],[0,-4.418],[0,0],[4.418,0],[0,0],[0,4.419],[0,0]],"o":[[0,0],[4.418,0],[0,0],[0,4.419],[0,0],[-4.419,0],[0,0],[0,-4.418]],"v":[[-24.5,-32.5],[24.5,-32.5],[32.5,-24.5],[32.5,24.5],[24.5,32.5],[-24.5,32.5],[-32.5,24.5],[-32.5,-24.5]],"c":true},"ix":2},"nm":"Path 1","mn":"ADBE Vector Shape - Group","hd":false},{"ty":"fl","c":{"a":0,"k":[0.940282126034,0.940282126034,0.940282126034,1],"ix":4},"o":{"a":0,"k":100,"ix":5},"r":1,"bm":0,"nm":"Fill 1","mn":"ADBE Vector Graphic - Fill","hd":false},{"ty":"tr","p":{"a":0,"k":[178.75,105.75],"ix":2},"a":{"a":0,"k":[0,0],"ix":1},"s":{"a":0,"k":[100,100],"ix":3},"r":{"a":0,"k":0,"ix":6},"o":{"a":0,"k":100,"ix":7},"sk":{"a":0,"k":0,"ix":4},"sa":{"a":0,"k":0,"ix":5},"nm":"Transform"}],"nm":"Group 9","np":2,"cix":2,"bm":0,"ix":9,"mn":"ADBE Vector Group","hd":false}],"ip":0,"op":150.000006109625,"st":0,"bm":0}],"markers":[]}